21,simuwatt,-JsSQBsm0mnShAiGzRgR
22,Qualitance,-JsVNF9fWRYpwv6rNCBu
23,NREL,-JsVOToGeqZaW9_B9AXV
24,App Store,-JsWpiLGTBw-DPKdWUvk
25,kW Engineering,-JtnxEcsIRCJrT2-TySa
26,Ecosyste.ms,-Jto3vuUY66ShnzGrtXO
27,NASA,-Jto5_ztUee439c_RdDL
28,Microgrid Energy,-Jto6EWmrXhs6r5v9eDe
30,Bonneville Power Administration,-JtoGX3X7WvgcSuiSLeh
31,Energy Resources Center - UIC,-JtoHqebG4ANnKUDPziX
32,ETS,-JtoKX9-TNaMM4YmcE7Y
33,Green EconoME,-JtoO1Dwt4zLfU_5SYKq
34,Group14 Engineering,-JtoQA0HnLmFGoXRI3Ih
35,Trane USA,-JtoQTObuOopEm0cdC66
36,Solv LLC,-JtoYxkDFggYID272rIg
37,CORE Energy,-Jtoau9Aef9g2TvSKWcq
38,Eco Engineering,-JtobdITEuHQxyFxSMM1
39,Abrafo Negajoule,-JtocKxEYhbUZCfl69FI
40,Lacuna,-Ju8HZotm_ZsBHjTKqtC
41,CUNY BPL,-JuvEfMAUPO4aT_Yen1C
42,Aquicore,-Juvkk40KbecSHg0Z8p3
44,GreenEcoSavers,-JuwElFRARGq2buaDC4_
45,Clean Energy Design Group,-JuwpZfZlfsrjcyd7u_h
46,ControlPoint,-Jux9Loi1vHNKl8JKGCA
47,NORESCO,-JvFh3CkfmOddy0vh8Xh
48,Grumman/Butkus Associates,-JvL8Cz7nxAPcU9XQDlz
49,Cardno, GS,-JvQWCYxsdLqdvpuDK4S
50,Con Edison,-JvVIn3rDLzAckjSsFwQ
51,Michaels Energy,-JvVdl-f321VVINvDzwL
52,WSP,-JvVvdlKYkfj4URBsRms
53,U.S. Energy Engineers,-JvoMtkz1LSf5QYAKTtY
54,Kel-Lume Group/ Harrington Electric,-JvoolzwurhX4dCde149
56,Demo,-JvtgaRgKTm6UOlieoWm
57,RECURRENT,-JwNlrMHeNzAWXI6bhz-
58,Clark Nexsen,-JwTFdFGgOEAoFZcpEFq
59,Renew Engineering, LLC,-JwgbbgMtY_a0sulvlbX
61,Solar Technologies,-JxG6sgHhpyKlW7XbPyv
62,DNV GL,-JxGuuV17hobKD1-jilV
63,Waters Resources,-Jx_unrBRbIgXzAHmVM-
64,EES Consulting,-JxkXy_vrFRL3XDGtgGz
65,Tenzing Energy,-Jxon1vGR860CAiZ_f53
66,Enterprise Community Partners,-JyhBNVOsbrf0RCJ54Vz
67,Bright Power,-JyjDqSmkt-kGT3JsHUN
68,CLEAResult,-JyjGN-VUBvXwFdHYaLw
69,Atkins,-JzS6M0HtIU8Gh5r-GHU
70,Nexant,-JzWNrJ09_Gq55c01nP5
71,Southface Institute,-JzkmyooH3Ma4MRqgbzm
72,JMV Co,-Jzkp-U-LoUaUmPPjnp9
73,Bractlet,-JzrPrUeXuZUvteTdH5z
74,Bravo Engineering Services,-JzrTAbXQMi0_r88qnNA
75,Qcoefficient,-K--V_YfvXPH3AH_O2Bo
76,East Carolina University,-K-e1iC5EZpMkoWC5Ele
77,Los Alamos National Laboratory,-K07TCAxrit4-Pxta0rE
78,CEG Solutions,-K0D9ZcMSE4CjDyc5ye1
79,Mindforce Technologies,-K0DBtiDwh5XrqqnQdEW
80,Ambient Energy,-K16-grUUNjWoxieTdCa
81,Brady Services,-K1eYkLPG1qFFRUBwxmY
82,Chobe Advisers,-K1uNb0nO7H8kVQw0T_T
83,GreenLight,-K2DXwkFJAThbMcUIeeo
84,YR&G,-K2SAEo9i2N4yuSCkdVk
85,earthlight,-K2sNdOB_kLprQBGyzoR
86,Energility,-K2wEU3YKlfZ6vS2AqLR
87,Sain Engineering,-K31_lBPZIloB3J4-SwW
88,DC Engineering,-K3FoETLzjny0-PQ8Qs9
89,novar,-K3WCjVfWU_GLIE7s7AQ
90,Tourism Vancouver,-K52V3B88daSwEqIIxma
91,Samba Energy,-K56PtFITFg9xcctktzt
92,Big Ass Solutions,-K5VwUKxA_jQ94WQmweu
93,OpTerra Energy Services,-K5kQCsyhU1C_gPRSCfj
94,LAUSD,-K5qQ_FHVIjLFYvV3JKa
95,Design with Nature,-K7IO3PyFhOi_2fLDBkU
96,Correlate,-K7Rlwv4wMQX9t7J1JKl
97,Future Solutions,-K7S1QjXTuughH_ZXjcz
98,360 Analytics,-K7Y1ra3z5f4p6l4gn1j
99,Smith Engineering,-K7rJg6MmCuyNzyTeMT8
100,Enova,-K8UkBgHi8w8x3UXtoiP
101,USVI WAPA,-K9TMeoZBQ4PqfLMZpOf
102,EnerNOC,-K9cGi8EY263-UieMAaY
103,taka solutions,-KA5iQfiq0vNzUsk_DUK
104,ESP,-KA6oSvI40MONIUpwqrz
105,Bloc Power,-KAefn9QNGRRlrMIXVLJ
106,Associated Renewables,-KAkmWsYtt-60OyNLgAu
107,Newcomb Anderson McCormick,-KAkzuA5rz1tVsB6ZB5j
108,SmartEdge,-KBDbFvlPpnTkreZybOO
109,CTA,-KBEF5b91Kz1LPIU-L4-
110,Windows Store,-KBi8Vd8FudQgfACVn5V
111,Aqua Energy Services,-KBsU-kaMmnkJwabGj0i
112,ReDocs,-KCMdZaRTxr7xla6RHnN
113,Zero Net Energy,-KCN8Md8y-ABypyCsG_m
114,BrightHome Energy Solutions,-KCXEs-fnbhUMP_BbHsy
115,Software Developer,-KD6ZhloE4WVlk8M6IZ-
116,Nevada National Guard,-KDOfGR76akOunMq3eMy
117,Granlund Consulting,-KDTzERAyCG8OHH9raEq
118,CH2M Hill,-KDUUDu6HMgW2P00Edp2
119,Optima Engineering,-KDebKc_-No5oPsoHPEQ
120,Nelson Engineering,-KDefFKZagUCcCYuB7LV
121,SES Consulting,-KE2A1VSixjgbCJ6Bn6_
122,Canyon State Facility Solutions,-KElv_-DCSYKTRDJqFiM
123,Jonathan Kocher,-KF9wGEI6QiwGpQXmgPT
124,Production Organization,-KGNCIouRW3L8aHg3D5x
125,Groom Energy,-KHac4OVBCUinYvWKi3b
126,BPTC,-KIic9ITasKUvl8XdoC-
127,concept3D,-KJgZKLaVU061U9Lri8_
128,Fort Rucker,-KJqqMoz2gPICHWVyMbn
129,March Air Reserve Base,-KJr6tsxkh6tD5GHCVRA
130,CES Engineering,-KKAWEUhjF_oS1nx54uP
131,asdasdadadasdada,-KMixqyCLQ3-JJ55ZcAL
132,Product Demo,-KNISWP3p3bjKvmOdqP5
133,dynova,-KQ4HA-D9AYD3Rm6j3Cn
134,Trane Carolinas,-KRdkkeZ-oKGlCLfFYBj
135,Mynt Systems,-KScgry0skU3cwHk4Uae
136,Wendel,-KSggId9tCvOico_JbWR
137,McKinstry,-KTMd6pUtlrmepzJN0Jw
139,DCAS,-KXHQnHFRaai0oXXlzhq
140,Cox Enterprises,-KXn6FdKMl51JuR0e6Ga
141,Ecova,-KYET5COMFAhsa9OPRVe
142,IES Distributors,-KYPSAcU3F0iRls86JTO
143,Schneider Electric,-KZT8PKPIEv70xzs_T2C
144,Michigan Energy Options,-KaJC8haGKuoDm0wn5hf
145,Pure Dwelling,-KaJE1lCPCef6-awI92V
146,BEST,-KaJpR3ffrWeVCbe2W1N
147,Kisebach Consulting,-Kant46oH9pQGnSrn_Up
148,NYC Parks,-KbkiLlOvFhfnv1HR0vI
149,Brooklyn Public Library,-KbkkqeE8gUuEfgYHYN9
150,NYC DOT,-KbvrLFjz_Xfy-VJxYmy
151,New York City Health and Hospitals Corporation,-KdTMtw09B6UKO_ALSh4
152,NYC Demo,-KdWSeTe0Ey2Lwjp56ZA
153,Tommy Energy,-KeZgMbeLQEUNNShc7ha
154,Murphy & Miller, Inc.,-Kf7Ftei1Md790bvRb7T
155,PlanIt Green,-KfIBCp7dT_vlediczq6
156,HGA Architects and Engineers,-Kg_Bp0uwsdUBxGOV_LY
157,Avion Energy Solutions,-KhOAlurqs9jXZElAFTt
158,State of Tennessee,-KhZ9cpJRb6WJ_ukS-fd
159,Kingsett Capital,-KhcK9vZr6xlfMk2jYga
160,TRC Solutions,-KhgrjFcXvEuKjwjQGMp
161,Hitachi America,-Khx7Vje98lzfwRoEXcF
162,Sustainable Energy Management Group,-Ki78Z0y5I-xJ91tUjuC
163,Energy 350,-KiVtRdirrx59S_c7UL9
164,Case Studies,-KieyUMbVjwKW_0qnVZr
165,Bolder Energy Engineers,-Kiqb1f8Y9E2eJeAm7Lr
166,3D Energy, Ltd.,-Kj8joMzYjDmnrpRTEwm
167,Schneider Demo,-KjJPnwANQybKNzjIADb
168,Drake Integrations,-KjOEIGbxTYy15M8HxM2
169,IMD Consultants LLC,-KkHKrGrUYH7-S8FfkJ7
170,PLEMCo,-KkaaH8A2KvLx8nxkchj
171,NYC DOC,-KlU348015B9IRvhI7zF
172,Green Efficiency Solutions,-Kl_dQoBqhcQVOv4NC6H
173,Integral Group, LLP,-KluB4Av_pNzXSe9GW9M
174,Altanova,-KmCjJccc8_-b52i0_i9
175,McGuire Engineers,-KmnHfl3vUtyS2q7xpbs
176,Internat Energy Solutions Canada,-Kn6VC6rZpPJfl8v-rCk
177,Aelux,-Kne501QcCygmLTI3jtu
179,Affiliated Engineers, Inc.,-KoNR-Ek30GGQY98lZmL
180,Hunton Services,-KoNTsE-ND0sgzOF3-3E
181,Energy Design Solutions,-Koj3EFfEqqekPhgDXA6
182,Morton Gestalt,-KopF41wFLDEHX-_56VY
183,5th Fuel Energy Solutions,-KpQKLg7tGVVPwx4Zr6j
184,Commissioning Consultants, LLP,-Kp_v7S59uzfvGR-RsC1
185,Yearout Energy Services,-Kr79hyQXbfd2I_AcD0O
186,QA Source Production,-Krq232_cXTBbV124nPG
187,Partner Energy,-Ks9kSp0SDUaYjK2vDQT
188,Industrial Sustainable Efficiency,-KsnNx0NgYXIu_SYcEKb
189,TLC Engineering,-KssqEnjsZMKWM9HVlU3
190,OBG,-Ksss3kM1qQRU6xgYmPv
191,Okahara and Associates,-Kssv-rgdli4w_j7ZpuB
192,Environmental Systems Design,-KsuP42lUDPU18psbL8A
193,SBW Consulting,-KtMdqPqyODfnazieDdh
194,Estes McClure & Associates,-KtRsmr8CFckNYdCLcJG
195,Denver Discovery School,-KtY2Jqm3F0gdKE2hMSY
196,The Beck Group,-Ku0xH9AJXpp4h9omch4
197,CUNY,-Ku5iWS4q_-03Eoc3l4U
198,DCLA,-Ku5jdGOzkMUzsku01Ms
199,DHS,-Ku5jxJItxfyegUQcBhm
200,NYC DOE,-Ku5k5VAdgTYMf5Ya6Gj
201,DSNY,-Ku5ktg7bua-O88caz-x
202,FDNY,-Ku5l1DyZyDmcH_Tojat
203,NYPD,-Ku5lAo6cJKhr7O0ZUt9
204,NYC OCME,-Ku5lVpiCZDMZ8bVi6az
205,NYC FIT,-Ku5u3o9MGalZF6uMWkE
206,NYC QPL,-KuR9NwyQDs_VjV2EBVS
207,Beyond Solar,-KuVvj32LwbVtW4KSgUu
208,ICF Consulting Canada,-Kuyto-XlkFbUcfYQcCo
209,Greenrock,-KuyuBrWNg-ZhFsc7kXt
210,Center for ReSource Conservation,-KvEkz0tuCL8Qd6xns9B
211,Impact Energy Services,-KvcQUwWugV7mfjGEH8c
212,Ameresco,-KvcRuK0tZeKFRIMeiPT
213,Atigun Energy & Inspection Services,-Kw1YuEOPQznOvVuXbmo
214,entegrity,-KwCYv04YtFgr7MKYgNZ
215,Daikin Applied,-KwMJgAAkB0BcpxjxmHS
216,Webinar,-KxOLERO3RivGVOFVhgc
217,Constellation,-L2W_yRKH9ZgWghgvYM-
218,AEP Ohio,-L3Fq-JyYCe3Mx3PTciM
219,Tunxis Community College,-L3ZjR4JbCp04LnvBktE
220,rip kurrent,-L3d4q1n8unlJ0hbntge
221,NYC Cultural Institutions Group,-L3e4mjI9B5zjSuPS0C0
222,Hitachi Consulting,-L6JbgLvvWGQJ66XyIEO
223,BCS Performance Solutions,-L8sgOO-IEydGHqevB6H
224,Commons Energy,-L8sjtp5dtdrtO_5KBLL
225,Novo Integration,-L8skGCsypDfsZdTUPFa
227,Novo Cloud,-L9NIBv9iA2NmD4caDSP
228,Smart Technologies,-LBT659WQOHxVI8ObM9y
229,NYC District 2030,-LDwyFU7hjtMHbVTZMrY
230,Wells Fargo,-LEF-2zJDP3XsYfPqXJJ
